"","x"
"1",4.1769548067382e-05
"2",4.9927517945606e-05
"3",3.8149089592331e-05
"4",2.316576932251e-05
"5",7.4095629500485e-05
"6",4.7824360601858e-05
"7",4.7678073695423e-05
"8",3.6669480806639e-05
"9",4.3450033677539e-05
"10",3.432398005646e-05
"11",3.8897455271962e-05
"12",3.2831066290977e-05
"13",6.1999324416952e-05
"14",0.000163987358040853
"15",8.3135828417869e-05
"16",4.98809956256e-05
"17",3.7464105302049e-05
"18",5.5286240851144e-05
"19",3.8377749783121e-05
"20",7.7539428922734e-05
"21",5.5582043557017e-05
"22",5.2874828320827e-05
"23",3.5714102857321e-05
"24",7.0015003442629e-05
"25",9.0933573825188e-05
"26",3.783789377687e-05
"27",2.4503845864681e-05
"28",6.1728694467937e-05
"29",4.6001530307139e-05
"30",4.5167897041268e-05
"31",5.2514370526732e-05
"32",5.1342419978644e-05
"33",2.4530409285447e-05
"34",2.7166155467232e-05
"35",2.5848088577713e-05
"36",2.8889767492614e-05
"37",4.7519780019244e-05
"38",4.7680505196889e-05
"39",4.9786687701573e-05
"40",2.2347028002509e-05
"41",2.8149783714578e-05
"42",2.8630269881538e-05
"43",3.2367017405498e-05
"44",5.1564652155273e-05
"45",2.0969778259164e-05
"46",2.8785926382743e-05
"47",2.3579400424236e-05
"48",1.7472249228315e-05
"49",2.0170668549043e-05
"50",3.1040014212869e-05
"51",3.0615741091431e-05
"52",4.7420407682795e-05
"53",4.761241929267e-05
"54",4.454620916261e-05
"55",3.224158007805e-05
"56",1.0143038023891e-05
"57",1.4142292222477e-05
"58",3.7083676608212e-05
"59",1.4522389775121e-05
"60",2.6933486736405e-05
"61",1.5076519376879e-05
"62",2.2923735482076e-05
"63",5.600435092258e-06
"64",1.9623864051225e-05
"65",2.1512682127178e-05
"66",2.0268796399403e-05
"67",1.8148554305249e-05
"68",1.8874772622002e-05
"69",3.2857923733687e-05
"70",1.9189456916644e-05
"71",2.0879640584695e-05
"72",3.1972418016796e-05
"73",2.4875672202834e-05
"74",2.371247892187e-05
"75",2.1571085432098e-05
"76",4.7316455385351e-05
"77",2.3422369482822e-05
"78",1.8496579250767e-05
"79",2.5476206743812e-05
"80",2.397394868743e-06
"81",1.1132295773559e-05
"82",2.6868730507841e-05
"83",2.0673842079871e-05
"84",2.5667187958993e-05
"85",1.3695449565804e-05
"86",1.3042321619801e-05
"87",3.1233345323756e-05
"88",5.0229824457691e-05
"89",4.2663206669014e-05
"90",3.906014316534e-05
"91",4.1337057870019e-05
"92",6.5373772114768e-05
"93",8.7269360343433e-05
"94",6.7914944666194e-05
"95",4.8193815864819e-05
"96",4.5188299371131e-05
"97",3.6187581800009e-05
"98",1.7976851579693e-05
"99",2.224043719612e-05
"100",3.8652286780679e-05
"101",8.1400230975545e-05
"102",3.5044627089833e-05
"103",3.6187867210443e-05
"104",2.887218891806e-05
"105",4.8942222978768e-05
"106",1.8599763984233e-05
"107",2.0155409214144e-05
"108",2.422698092481e-05
"109",2.316242357454e-05
"110",3.0919987235802e-05
"111",2.8054831408632e-05
"112",1.8680552535462e-05
"113",3.0709162324941e-05
"114",1.9761335246779e-05
"115",2.9755469072642e-05
"116",4.0375580676304e-05
"117",2.5884069124642e-05
"118",5.5631350008963e-05
"119",9.2962078819002e-05
"120",3.7395173850821e-05
"121",3.119601639521e-05
"122",3.5020919386864e-05
"123",4.2770565601163e-05
"124",6.5424775548893e-05
"125",3.9442061203601e-05
"126",6.598113700113e-05
"127",2.942154095952e-05
"128",5.6177829096127e-05
"129",3.3717024844721e-05
"130",2.0882695830872e-05
"131",1.809339064917e-05
"132",3.6165968354008e-05
"133",3.0972782288761e-05
"134",2.7646429576534e-05
"135",3.986870845168e-05
"136",3.3956540163351e-05
"137",5.0348366848412e-05
"138",3.0134201179339e-05
"139",2.7288105160002e-05
"140",2.2205398966378e-05
"141",4.3676391684876e-05
"142",2.8196400097409e-05
"143",2.540673866668e-05
"144",4.4138895125609e-05
"145",7.6248771395081e-05
"146",0.000166895832145404
"147",8.6211306012649e-05
"148",7.4058193227852e-05
"149",8.2122244819975e-05
"150",0.000122232135847868
"151",7.6663589171401e-05
"152",7.185558355344e-05
"153",0.000110102314980206
"154",0.000519785377674258
"155",0.000164697299245737
"156",0.000433633007365374
"157",0.000221237044946699
"158",0.000146398904360035
"159",0.000166615228227882
"160",7.7149217855678e-05
"161",7.397236973668e-05
"162",3.5940562217582e-05
"163",3.7742400848382e-05
"164",7.8488983577934e-05
"165",3.1557301295007e-05
"166",4.9777647267024e-05
"167",6.0246359955508e-05
"168",3.3411877159916e-05
"169",5.5738449318093e-05
"170",3.7099113477303e-05
"171",2.9836791683947e-05
"172",4.2986365051213e-05
"173",4.2963582022964e-05
"174",7.6962995850037e-05
"175",7.955346821132e-05
"176",3.3013627261497e-05
"177",9.2234076089698e-05
"178",4.6938359150741e-05
"179",3.2902292455143e-05
"180",9.6415814257971e-05
"181",7.6699979101753e-05
"182",6.8606805445105e-05
"183",5.5389231333426e-05
"184",8.5085529370733e-05
"185",4.1029806012504e-05
"186",9.8053619894043e-05
"187",0.000326994789914916
"188",0.000100520362695875
"189",0.000142554690940336
"190",8.8266065720791e-05
"191",0.000130346244780013
"192",7.1704794330483e-05
"193",5.0815787245711e-05
"194",3.3766846643948e-05
"195",3.2087963614782e-05
"196",5.7638129156228e-05
"197",8.2148539996175e-05
"198",9.2202172110769e-05
"199",0.000182399912797894
"200",6.7300180264165e-05
"201",3.4629198494608e-05
"202",3.5011848776261e-05
"203",4.0264723173831e-05
"204",3.2915854987653e-05
"205",4.2208892749484e-05
"206",6.5970388233497e-05
"207",0.000162745749182984
"208",4.0463201470661e-05
"209",0.000105263852258519
"210",6.1468925398452e-05
"211",7.5876732564668e-05
"212",0.000119451500956983
"213",0.000147992633318347
"214",0.00012188961176749
"215",4.8440045848589e-05
"216",8.3549087575512e-05
"217",9.5946734649418e-05
"218",5.101965646721e-05
"219",9.284475036722e-05
"220",6.9283366596257e-05
"221",6.0915626944055e-05
"222",4.8691521773811e-05
"223",0.000103124206115154
"224",0.000108643889823957
"225",1.7954741778537e-05
"226",3.7987737539915e-05
"227",5.8857325383369e-05
"228",6.3084468335654e-05
"229",5.8010842535218e-05
"230",2.9311901477987e-05
"231",6.0984130497947e-05
"232",7.969784349663e-05
"233",7.330596535722e-05
"234",1.754343910013e-05
"235",4.5419589236667e-05
"236",3.2184800819012e-05
"237",4.5249783576101e-05
"238",0.000116874380462089
"239",2.1546849454991e-05
"240",4.0337825995376e-05
"241",3.2025230352362e-05
"242",3.0118499327099e-05
"243",2.3138982770679e-05
"244",6.9726221032443e-05
"245",5.7575418721152e-05
"246",8.8891999927114e-05
"247",8.7989495631886e-05
"248",3.4194298088096e-05
"249",4.16191990925e-05
"250",1.7991500975927e-05
"251",3.0121928576935e-05
"252",4.8871841948178e-05
"253",4.5551053032348e-05
"254",2.5753559382654e-05
"255",4.8227677110394e-05
"256",3.706204015886e-06
"257",3.5656507239058e-05
"258",3.451660732138e-05
"259",2.8992590794722e-05
"260",0.000206754297205585
"261",6.3523412826126e-05
"262",3.2854214127697e-05
"263",3.3139241274609e-05
"264",3.6168397242305e-05
"265",2.1482381309509e-05
"266",3.4189461139267e-05
"267",5.2950711637031e-05
"268",4.0600672871067e-05
"269",2.959730020279e-05
"270",3.3239585370818e-05
"271",1.9352018339967e-05
"272",2.3516465360244e-05
"273",1.8477288752791e-05
"274",3.082397216803e-05
"275",2.7474852860423e-05
"276",5.182151327877e-05
"277",5.1389172436716e-05
"278",5.1206000156457e-05
"279",3.6536688898371e-05
"280",3.2947730118874e-05
"281",4.6532932739913e-05
"282",4.5033112131773e-05
"283",4.6492779481388e-05
"284",3.4715031304375e-05
"285",2.4390015651468e-05
"286",3.3565432368664e-05
"287",5.0070065055993e-05
"288",3.5475462469524e-05
"289",4.120625122056e-05
"290",3.572606497959e-05
"291",2.8183168212709e-05
"292",3.5969284286003e-05
"293",2.6511288382027e-05
"294",8.3378094225746e-05
"295",2.7503603082369e-05
"296",2.7487015023064e-05
"297",5.0096201254484e-05
"298",2.3542527835083e-05
"299",3.6534879714776e-05
"300",3.390262240545e-05
"301",3.2409192896554e-05
"302",3.3113069506574e-05
"303",2.1339535540561e-05
"304",1.8545782690487e-05
"305",3.7263192340813e-05
"306",1.8408923972662e-05
"307",1.6276382788374e-05
"308",1.8373519230324e-05
"309",2.4345931165878e-05
"310",1.725922713116e-05
"311",5.0185774238074e-05
"312",3.1698338134023e-05
"313",2.6459947981908e-05
"314",2.4249126313878e-05
"315",3.0291678439269e-05
"316",2.5823766984929e-05
"317",5.1200460883829e-05
"318",1.51522458179577e-05
"319",1.7887143071484e-05
"320",2.0119722085965e-05
"321",1.9668336533555e-05
"322",2.0176582961853e-05
"323",2.5588170668029e-05
"324",1.6696288904412e-05
"325",1.9526017479648e-05
"326",1.5696812504785e-05
"327",1.7053764493519e-05
"328",3.440446510664e-06
"329",1.2096648882903e-05
"330",2.6522715895196e-05
"331",3.4198951707983e-05
"332",1.2997442425904e-05
"333",1.1860679024395e-05
"334",1.9209137198474e-05
"335",1.2889773311477e-05
"336",1.574674319654e-05
"337",1.1912849763487e-05
"338",8.961358742503e-06
"339",6.719271920595e-06
"340",1.8192056932126e-05
"341",1.2906570281126e-05
"342",1.633325168556e-05
"343",1.5828670744154e-05
"344",1.2372655620548e-05
"345",2.1349687156296e-05
"346",1.6871782814292e-05
"347",1.370461189368e-05
"348",1.6929081925739e-05
"349",5.6962548400458e-05
"350",2.4337326853849e-05
"351",5.4193460524331e-05
"352",2.8955247372362e-05
"353",2.905577027397e-05
"354",5.1229807349929e-05
"355",6.2735365756699e-05
"356",6.3102716654194e-05
"357",3.2934198077118e-05
"358",4.194399793443e-05
"359",3.8087314741777e-05
"360",5.6099999804457e-05
"361",4.5677942889759e-05
"362",2.9170510738033e-05
"363",2.7403794151942e-05
"364",6.1378648264051e-05
"365",2.6791367014372e-05
"366",4.4948236600299e-05
"367",6.9364361137945e-05
"368",6.1434841415478e-05
"369",2.5293220724241e-05
"370",2.1955830086667e-05
"371",2.3427556884052e-05
"372",3.8092146914048e-05
"373",2.166532361812e-05
"374",6.2686794357576e-05
"375",3.0824245382654e-05
"376",2.2604954919837e-05
"377",2.1857306435235e-05
"378",1.1635515273823e-05
"379",5.7377749478062e-05
"380",2.2880346607908e-05
"381",6.1904006917186e-05
"382",3.3070838586715e-05
"383",3.2867778339466e-05
"384",2.4215430484573e-05
"385",1.7762502774118e-05
"386",1.3855056967715e-05
"387",4.461946985276e-05
"388",2.5338793439528e-05
"389",2.0257336945409e-05
"390",1.3057363702157e-05
"391",1.1332983206627e-05
"392",2.6995023384155e-05
"393",2.9128940129719e-05
"394",1.6164509130634e-05
"395",2.3398288518525e-05
"396",2.4608161539522e-05
"397",1.621708115176e-05
"398",9.446295756781e-06
"399",1.3042752985583e-05
"400",1.1230895478491e-05
"401",1.8276569594456e-05
"402",1.9721750568128e-05
"403",2.4304611013024e-05
"404",3.8417511497885e-05
"405",2.1560381707805e-05
"406",1.415397613746e-05
"407",2.9643167010263e-05
"408",3.993677394214e-05
"409",1.3344294934341e-05
"410",2.5989935954207e-05
"411",3.1862006451846e-05
"412",4.7708563484735e-05
"413",5.3365890535693e-05
"414",2.7472418710842e-05
"415",1.9587219294795e-05
"416",1.9695170889788e-05
"417",1.6301951165992e-05
"418",1.0533167376484e-05
"419",1.5933855420163e-05
"420",1.8232019889238e-05
"421",1.585832852966e-05
"422",1.1929214981519e-05
"423",1.892726633661e-05
"424",7.777863583253e-06
"425",9.010927842772e-06
"426",8.287764503308e-06
"427",1.5042373408262e-05
"428",1.1986470022468e-05
"429",6.561746344076e-06
"430",1.021851245281e-05
"431",1.2352600354677e-05
"432",1.8783910384212e-05
"433",1.3080837656019e-05
"434",1.0552595487781e-05
"435",1.0583477044699e-05
"436",1.5993237204863e-05
"437",1.5895377827552e-05
"438",1.5348623246862e-05
"439",1.0801755658497e-05
"440",8.483495242971e-06
"441",1.5348428549773e-05
"442",1.7745280015383e-05
"443",1.8139306630794e-05
"444",1.3398740900609e-05
"445",1.6638012511867e-05
"446",1.9524209918371e-05
"447",1.4840046412168e-05
"448",1.1660961016619e-05
"449",9.206566483395e-06
"450",2.1168139081089e-05
"451",9.206031377558e-06
"452",8.180908436379e-06
"453",1.6729286420722e-05
"454",7.287575098195e-06
"455",6.549703986147e-06
"456",1.4231033590689e-05
"457",2.0571631050763e-05
"458",1.6288025088772e-05
"459",2.2339917826879e-05
"460",2.1034120458746e-05
"461",2.1904717530145e-05
"462",1.0675505826634e-05
"463",6.271470423822e-06
"464",2.0875104496619e-05
"465",1.4844859953535e-05
"466",7.78477278844e-06
"467",1.0404471129453e-05
"468",5.871949540499e-06
"469",5.01116425171e-06
"470",8.821220061378e-06
"471",1.1452823700869e-05
"472",6.29879911543e-06
"473",1.6054375206509e-05
"474",5.816546163513e-06
"475",6.255391647165e-06
"476",8.288542918528e-06
"477",5.335119503244e-06
"478",9.161726484265e-06
"479",3.3092700260166e-05
"480",1.3007636981456e-05
"481",1.2830357324401e-05
"482",1.491211255304e-05
"483",1.601433584865e-05
"484",1.5462122922746e-05
"485",1.2719839572072e-05
"486",9.841946300427e-06
"487",1.0213086179986e-05
"488",7.697487545289e-06
"489",9.22617288283e-06
"490",1.5077921646083e-05
"491",5.650802163793e-06
"492",3.523498125284e-06
"493",3.775081172933e-06
"494",6.745235963153e-06
"495",4.997071150746e-06
"496",3.607120186908e-06
"497",4.767081490105e-06
"498",4.453092222884e-06
"499",4.426914579019e-06
"500",4.207265755465e-06
"501",4.49696940146e-06
"502",4.677516249416e-06
"503",2.75841651684e-06
"504",4.192597404479e-06
"505",4.811173290666e-06
"506",5.221644566463e-06
"507",5.894528987223e-06
"508",3.075919389e-06
"509",2.553250642976e-06
"510",7.736156286318e-06
"511",4.835744554544e-06
"512",5.834218249918e-06
"513",4.833079762559e-06
"514",3.185453821831e-06
"515",1.2696e-08
"516",2.554030283026e-06
"517",5.981067156485e-06
"518",4.159083368269e-06
"519",4.6300707966264e-05
"520",8.318825056241e-06
"521",1.0139719673895e-05
"522",9.670680721656e-06
"523",7.072225225071e-06
"524",5.633960884378e-06
"525",7.754444428039e-06
"526",5.934932160549e-06
"527",4.936164061453e-06
"528",6.6801751829e-06
"529",7.258535340674e-06
"530",2.0360797631422e-05
"531",9.621144193459e-06
"532",4.891466626391e-06
"533",2.7642529088351e-05
"534",8.889456243081e-06
"535",4.779333647786e-06
"536",1.1440348291595e-05
"537",1.9040964539923e-05
"538",6.390151214174e-06
"539",7.841324379129e-06
"540",1.2143017373829e-05
"541",1.5545653667454e-05
"542",2.0890772502608e-05
"543",1.1762071993051e-05
"544",1.1204873677163e-05
"545",1.1362444597982e-05
"546",8.62498699071076e-06
"547",7.912627644943e-06
"548",3.149384121101e-06
"549",8.54135317597e-06
"550",7.274102697547e-06
"551",7.745374223732e-06
"552",8.06800874255e-06
"553",1.5633988949318e-05
"554",9.162831108175e-06
"555",1.1916746594666e-05
"556",1.5898404056267e-05
"557",2.1336379442523e-05
"558",2.236242310959e-05
"559",1.0933313888867e-05
"560",9.472277302735e-06
"561",1.3182315483152e-05
"562",1.1526423339436e-05
"563",4.421047920667e-06
"564",3.96968160549e-06
"565",7.887283419839e-06
"566",1.8706524240366e-05
"567",7.838830130068e-06
"568",1.3949055842064e-05
"569",1.6632366773589e-05
"570",1.1242297527783e-05
"571",9.486149330738e-06
"572",3.9526449589798e-05
"573",1.497821505128e-05
"574",1.2471425475022e-05
"575",1.0824586543698e-05
"576",1.4716338977293e-05
"577",1.5592649016216e-05
"578",1.940568114823e-05
"579",1.6217648181565e-05
"580",7.240473701568e-06
"581",3.901340123893e-06
"582",8.070585373722e-06
"583",7.415892083212e-06
"584",1.2077096076353e-05
"585",1.5694198492259e-05
"586",6.330831167804e-06
"587",1.5408030812032e-05
"588",1.4927960402308e-05
"589",7.473514092461e-06
"590",8.354261734447e-06
"591",9.087664371269e-06
"592",2.0352325905583e-05
"593",2.1736135356925e-05
"594",1.4380287036959e-05
"595",8.4038537317e-06
"596",4.490744670068e-06
"597",9.123156004647e-06
"598",1.3843184791943e-05
"599",5.803604336767e-06
"600",7.113386212332e-06
"601",4.095753231388e-06
"602",9.178225413152e-06
"603",7.142027117903e-06
"604",6.402537211632e-06
"605",8.163045536725e-06
"606",7.071476715632e-06
"607",2.882959540027e-06
"608",5.347452655193e-06
"609",9.473720821485e-06
"610",1.8447019366739e-05
"611",1.4658368920455e-05
"612",1.782984270423e-05
"613",8.641421683319e-06
"614",1.0545890334818e-05
"615",4.1104344188767e-05
"616",3.4110893619289e-05
"617",1.279635031095e-05
"618",2.4802837878411e-05
"619",4.6908716924238e-05
"620",2.9150222842045e-05
"621",1.0195809193964e-05
"622",3.538607508417e-06
"623",1.9280840656288e-05
"624",2.6979308052081e-05
"625",4.6609880253844e-05
"626",0.000114479617376824
"627",0.000186208260783586
"628",4.8923674321669e-05
"629",4.5227685193648e-05
"630",7.6000364078474e-05
"631",5.4511721332839e-05
"632",5.1378354675122e-05
"633",5.9237627678132e-05
"634",5.0965845897732e-05
"635",4.1415736163271e-05
"636",2.631864793122e-05
"637",5.9329245713611e-05
"638",3.1319112515296e-05
"639",4.2105708243962e-05
"640",0.000120458361084721
"641",6.692026363789e-05
"642",5.2949841811581e-05
"643",6.0983554737949e-05
"644",4.9422017289007e-05
"645",2.9170970020771e-05
"646",4.0063375448508e-05
"647",1.6591382210342e-05
"648",1.9471450919821e-05
"649",4.9080535083822e-05
"650",3.6176824750888e-05
"651",3.773199453821e-05
"652",5.8771975063676e-05
"653",3.879296815156e-05
"654",0.000117761316849993
"655",8.5815419279251e-05
"656",3.915768122579e-05
"657",5.2489715486536e-05
"658",3.1836118512441e-05
"659",3.9123019796481e-05
"660",1.8543103781624e-05
"661",1.413538996012e-05
"662",9.81104751153e-06
"663",2.3428302071162e-05
"664",3.1149229559932e-05
"665",4.1983083952461e-05
"666",2.0354647779595e-05
"667",9.119697679372e-06
"668",1.3727237892567e-05
"669",5.1255947611785e-05
"670",2.2154510905925e-05
"671",5.3106586210651e-05
"672",1.4176760778078e-05
"673",1.1957747521435e-05
"674",1.3493191930867e-05
"675",6.977164856287e-06
"676",2.0916074205265e-05
"677",1.659130280128e-05
"678",1.3690512924638e-05
"679",1.7255794226058e-05
"680",3.0295387569957e-05
"681",2.028954583105e-05
"682",2.0865588344051e-05
"683",4.4556139328499e-05
"684",6.1454880751404e-05
"685",7.7796441476994e-05
"686",3.9247500858328e-05
"687",4.4367640393949e-05
"688",0.000164194387616644
"689",0.000174995995845534
"690",9.5904445249642e-05
"691",4.3048162157835e-05
"692",8.4632781675718e-05
"693",9.5493062865001e-05
"694",9.9573543106676e-05
"695",8.474031030129e-05
"696",7.9040534485175e-05
"697",6.2485448444309e-05
"698",9.1710127492685e-05
"699",5.6713454348868e-05
"700",7.6703364598148e-05
"701",4.8095388098512e-05
"702",0.000268046018732682
"703",3.8826275772882e-05
"704",0.000171136107442282
"705",7.7997506691973e-05
"706",6.1642877155166e-05
"707",6.1351261798173e-05
"708",4.8333478929521e-05
"709",3.8000479061469e-05
"710",3.7715725392076e-05
"711",6.9272076274443e-05
"712",5.488430434041e-05
"713",3.1199696931745e-05
"714",4.6018323030998e-05
"715",2.8593357144477e-05
"716",2.1843380521617e-05
"717",2.6463401994888e-05
"718",2.0866436266268e-05
"719",2.6263024590566e-05
"720",1.5089476892402e-05
"721",1.6305865834767e-05
"722",2.2168979938774e-05
"723",2.0652001744249e-05
"724",2.2039766503396e-05
"725",2.4243248443953e-05
"726",3.2852281512262e-05
"727",1.4415171255759e-05
"728",3.2017268748065e-05
"729",1.9809012289763e-05
"730",1.5549855177471e-05
"731",1.2872731089481e-05
"732",1.2988453550419e-05
"733",1.0475143319493e-05
"734",2.6135132180572e-05
"735",1.7944929165623e-05
"736",3.3173535011303e-05
"737",2.2580203285184e-05
"738",3.1054567438161e-05
"739",1.9727436867066e-05
"740",6.5616745309147e-05
"741",0.000132844457207331
"742",1.4992588521509e-05
"743",2.6323389734337e-05
"744",3.0326171381982e-05
"745",3.1549094558211e-05
"746",1.823955937631e-05
"747",1.7715905993706e-05
"748",3.2328243847218e-05
"749",3.0574709121933e-05
"750",3.0406035980536e-05
"751",1.0668348109335e-05
"752",2.4287278295902e-05
"753",1.8475509223116e-05
"754",2.3953449714572e-05
"755",1.2463164124045e-05
"756",1.4940714462264e-05
"757",1.5358423867929e-05
"758",3.1933729857818e-05
"759",2.2633847833355e-05
"760",3.7591942595533e-05
"761",7.1291767506318e-05
"762",2.8672527853533e-05
"763",1.470163522331e-05
"764",1.6178577229876e-05
"765",1.6313201963896e-05
"766",1.0834739561563e-05
"767",1.4667077579196e-05
"768",2.5961925087528e-05
"769",0.00010967158583858
"770",4.7249740495729e-05
"771",4.6246159933544e-05
"772",1.268305017891e-05
"773",1.9218813404e-05
"774",4.2250497e-07
"775",0.000130163594930728
"776",0.000233347713798666
"777",6.1789818131379e-05
"778",0.000256357920469075
"779",4.1779483837099e-05
"780",4.2050098351737e-05
"781",3.5746253451172e-05
"782",5.2011018168139e-05
"783",2.8844833236007e-05
"784",3.5665421787672e-05
"785",3.4545784957353e-05
"786",3.8798958583855e-05
"787",2.7417219293931e-05
"788",4.6837340704739e-05
"789",3.7725645057063e-05
"790",5.628776352607e-05
"791",9.2998102377037e-05
"792",6.9617302498593e-05
"793",0.000296102978182352
"794",0.000116599778524639
"795",0.000813672904948694
"796",0.00109938614986031
"797",0.0012800035641977
"798",0.00040963434831657
"799",0.000149798282590993
"800",0.000100239873090512
"801",0.000101494794602963
"802",5.8397268428177e-05
"803",7.3477793772336e-05
"804",0.000153963270333249
"805",6.6721275324145e-05
"806",7.6058831262115e-05
"807",5.8794457338322e-05
"808",8.300080816323e-05
"809",3.3183621558633e-05
"810",3.3000998338446e-05
"811",2.2734931619729e-05
"812",6.7346027962141e-05
"813",4.5604294012115e-05
"814",4.4076140763557e-05
"815",8.6046835677903e-05
"816",0.000128159312175697
"817",8.7878623143253e-05
"818",8.4694706253653e-05
"819",4.652039797296e-05
"820",9.0314081140325e-05
"821",6.583869278225e-05
"822",1.7261675574246e-05
"823",2.8774863106535e-05
"824",2.1902523746564e-05
"825",4.3139938442558e-05
"826",3.8971013114907e-05
"827",4.4207952219847e-05
"828",3.4468589125718e-05
"829",4.7059913099921e-05
"830",3.9934952210557e-05
"831",3.0776240417313e-05
"832",4.1741036017439e-05
"833",3.5448783601958e-05
"834",2.5386036776191e-05
"835",1.4339676761475e-05
"836",2.5919952324366e-05
"837",3.2617409150404e-05
"838",3.9129741955683e-05
"839",2.579156658489e-05
"840",0.000115264715196868
"841",2.4761653424603e-05
"842",5.7535255710685e-05
"843",3.7354918813412e-05
"844",0.000100564859840842
"845",3.7823013806644e-05
"846",8.8851286531793e-05
"847",7.3373781017767e-05
"848",6.24833831235e-05
"849",5.0466982172018e-05
"850",3.7919021095924e-05
"851",3.4023353819677e-05
"852",1.7582253829153e-05
"853",2.5302852328183e-05
"854",9.261818930623e-06
"855",3.295547226613e-06
"856",1.2198183498296e-05
"857",1.2337972462164e-05
"858",2.535395075297e-05
"859",1.3290172630553e-05
"860",2.634690806296e-05
"861",1.7903458849204e-05
"862",3.1972768594478e-05
"863",1.9190188687694e-05
"864",5.7857822523304e-05
"865",1.1327294301825e-05
"866",1.040610058625e-05
"867",2.3695301512207e-05
"868",3.4981516022172e-05
"869",1.5042869784902e-05
"870",2.331418151517e-05
"871",2.4519873553625e-05
"872",2.6635997487602e-05
"873",4.2762676167603e-05
"874",3.9144907933793e-05
"875",3.1840418178237e-05
"876",4.3790377767206e-05
"877",1.9899748696349e-05
"878",4.7166577938404e-05
"879",2.2544353373663e-05
"880",9.728679350356e-06
"881",3.2740897956494e-05
"882",2.6123521933335e-05
"883",2.5503666997261e-05
"884",1.3143885543585e-05
"885",9.710645478892e-06
"886",3.4597897860747e-05
"887",3.4005428390018e-05
"888",4.3556589134184e-05
"889",3.6905997189214e-05
"890",1.4126408081171e-05
"891",2.036050841294e-05
"892",4.8742240943163e-05
"893",8.2031249126147e-05
"894",4.3992816786343e-05
"895",3.6138482131039e-05
"896",4.0237232509177e-05
"897",4.4260702038337e-05
"898",4.0667221310194e-05
"899",2.7589640338649e-05
"900",1.6805637345079e-05
"901",3.5293188892807e-05
"902",2.2471374925376e-05
"903",1.2530590055766e-05
"904",7.41011655115e-06
"905",9.763178201002e-06
"906",8.569581313859e-06
"907",1.5034231088452e-05
"908",2.4304542241812e-05
"909",4.38293503263e-06
"910",4.053533445091e-06
"911",8.475822673524e-06
"912",9.577846312136e-06
"913",1.2719809987246e-05
"914",8.284481478746e-06
"915",8.034869949082e-06
"916",1.0117982193718e-05
"917",5.77047652631e-06
"918",2.5293988203196e-05
"919",1.4622809331816e-05
"920",1.0714262945293e-05
"921",1.2662120237948e-05
"922",1.7867866547281e-05
"923",1.5599498520797e-05
"924",5.746529305465e-06
"925",1.0791957334286e-05
"926",3.5242447467867e-05
"927",4.2532783934959e-05
"928",3.2824366756962e-05
"929",4.9024110359728e-05
"930",1.2621283569454e-05
"931",3.8382868866905e-05
"932",6.988648808689e-05
"933",4.8843342941023e-05
"934",5.287124679525e-05
"935",5.2582091671072e-05
"936",2.6431278331956e-05
"937",2.3636665755298e-05
"938",1.9798216312431e-05
"939",3.3077460930256e-05
"940",1.7786472854831e-05
"941",1.8512893371011e-05
"942",2.8450203499786e-05
"943",2.1745250975668e-05
"944",2.571078628188e-05
"945",8.119960155519e-06
"946",1.4363936253944e-05
"947",2.3518051858473e-05
"948",3.9455385129826e-05
"949",2.2015046146481e-05
"950",8.383703650339e-06
"951",1.22059936646e-05
"952",2.3514914440882e-05
"953",2.0992018459272e-05
"954",4.0502900248965e-05
"955",1.4242764689506e-05
"956",5.0726118207383e-05
"957",3.7267131540008e-05
"958",3.0369989739892e-05
"959",3.3886277080224e-05
"960",2.7125095247371e-05
"961",3.2132199625872e-05
"962",5.5428133693672e-05
"963",4.7246937414303e-05
"964",1.9675503346225e-05
"965",3.1832939352124e-05
"966",2.1787556475729e-05
"967",2.0299221058077e-05
"968",4.2713780869774e-05
"969",4.1946557252583e-05
"970",4.6641471990056e-05
"971",3.2810976694324e-05
"972",3.7666113772191e-05
"973",2.4350172038142e-05
"974",5.0372013060163e-05
"975",2.7709844387614e-05
"976",2.9644946987329e-05
"977",7.4178471110308e-05
"978",4.052156203927e-05
"979",2.3149102352982e-05
"980",3.3807659759035e-05
"981",2.0703453188454e-05
"982",4.178454823806e-05
"983",5.5351471988856e-05
"984",2.3528655087795e-05
"985",1.7451891194533e-05
"986",1.6325140872528e-05
"987",1.6539280804378e-05
"988",2.3875922643474e-05
"989",1.0261324211727e-05
"990",1.1944128859921e-05
"991",1.8117713996935e-05
"992",6.6892991889088e-05
"993",4.3958850742719e-05
"994",6.0285208596486e-05
"995",2.1861792045014e-05
"996",1.5766764246835e-05
"997",3.4085197554139e-05
"998",4.7068775388817e-05
"999",4.694344090626e-05
"1000",2.1297878009158e-05
"1001",2.42803754763e-05
"1002",1.7765602505367e-05
"1003",2.1661874361221e-05
"1004",1.651852355798e-05
"1005",1.5244526928084e-05
"1006",2.2307097495758e-05
"1007",1.4812854549941e-05
"1008",2.4124458379822e-05
"1009",3.230382815788e-05
"1010",2.2127386950196e-05
"1011",1.8370414029298e-05
"1012",1.3531646344897e-05
"1013",1.6830174298368e-05
"1014",1.7456579097693e-05
"1015",2.648236902202e-05
"1016",1.4353975039905e-05
"1017",2.573697217865e-05
"1018",2.301915375085e-05
"1019",3.6028527194772e-05
"1020",6.5364347108683e-05
"1021",1.8583722162422e-05
"1022",1.9477977693034e-05
"1023",2.6564759716418e-05
"1024",6.7149298476729e-05
"1025",0.000255810688357996
"1026",0.000502408806663249
"1027",0.00030793692421364
"1028",0.000119099552334138
"1029",4.3117811453663e-05
"1030",3.4484551018919e-05
"1031",1.720958570737e-05
"1032",9.899583430312e-06
"1033",7.37070426088e-07
"1034",3.679499564461e-06
"1035",1.2860962787107e-05
"1036",0.000197054069350007
"1037",4.6119730414127e-05
"1038",2.8603177230169e-05
"1039",3.3110433488309e-05
"1040",3.3137434081114e-05
"1041",5.5587906023765e-05
"1042",2.9691556727854e-05
"1043",2.8371366719434e-05
"1044",4.6142981795422e-05
"1045",4.0395185884585e-05
"1046",0.000141234781972449
"1047",7.1217782339756e-05
"1048",5.4921381378568e-05
"1049",8.0364923300457e-05
"1050",4.6170417714792e-05
"1051",7.6986238231267e-05
"1052",7.3680448424633e-05
"1053",8.0289939023821e-05
"1054",8.9311887012696e-05
"1055",5.6528491244884e-05
"1056",4.7681697065279e-05
"1057",0.000109997801465992
"1058",4.1248051057577e-05
"1059",0.000253846924229047
"1060",0.000103331589047583
"1061",7.3583096510182e-05
"1062",9.2904650830298e-05
"1063",6.0966159375421e-05
"1064",6.1338977606297e-05
"1065",7.8284016042378e-05
"1066",5.7725217182152e-05
"1067",3.5216680508388e-05
"1068",2.7575744675207e-05
"1069",2.9124548519464e-05
"1070",3.2122576702157e-05
"1071",5.3467412056112e-05
"1072",3.4260882227288e-05
"1073",4.8371669147183e-05
"1074",8.7979675254061e-05
"1075",5.4153353518485e-05
"1076",7.5436944248034e-05
"1077",9.8014634322114e-05
"1078",5.5772995153364e-05
"1079",4.5988543685277e-05
"1080",6.6955940982022e-05
"1081",0.000107094942881575
"1082",0.000434493871580471
"1083",8.7577085566744e-05
"1084",0.000108682670094222
"1085",0.000160379852686099
"1086",7.7568600471438e-05
"1087",0.000154096392998544
"1088",7.9616224250113e-05
"1089",4.8934418233963e-05
"1090",0.000116935079687408
"1091",0.000131601206683274
"1092",4.7849988828467e-05
"1093",8.5858859366811e-05
"1094",7.8623869260906e-05
"1095",5.4710906917104e-05
"1096",0.000125630547862487
"1097",3.9828183261351e-05
"1098",5.2193847247417e-05
"1099",6.5883153181682e-05
"1100",5.8635461601258e-05
"1101",2.7694485757525e-05
"1102",7.9103780009837e-05
"1103",2.8352831348277e-05
"1104",4.1114918247432e-05
"1105",4.7721979548669e-05
"1106",3.9021999147031e-05
"1107",5.0813913954977e-05
"1108",6.8794408887254e-05
"1109",7.7711298666016e-05
"1110",7.8870650676497e-05
"1111",0.00012599805166769
"1112",6.7876562141348e-05
"1113",4.6089186180285e-05
"1114",4.5528397571083e-05
"1115",0.000108838826829304
"1116",7.3435137154606e-05
"1117",0.000127385430230072
"1118",0.000137384701430029
"1119",8.5196157061909e-05
"1120",9.6761911523597e-05
"1121",4.591760242642e-05
"1122",7.2438746860866e-05
"1123",5.1158739292682e-05
"1124",4.592017400308e-05
"1125",6.0223861291797e-05
"1126",7.4886723926738e-05
"1127",0.000115529682751775
"1128",5.1756081683212e-05
"1129",4.5208380771902e-05
"1130",7.8000054066719e-05
"1131",6.4413771252639e-05
"1132",5.4861924211484e-05
"1133",6.6334734179424e-05
"1134",5.9076800861186e-05
"1135",6.6009347996781e-05
"1136",7.2896323365122e-05
"1137",4.0100063500626e-05
"1138",1.8618839524751e-05
"1139",5.4499849841185e-05
"1140",4.3033517700778e-05
"1141",3.6266372473296e-05
"1142",3.5710508169802e-05
"1143",3.4248260618818e-05
"1144",5.5913901635045e-05
"1145",3.6134510674932e-05
"1146",5.9278348050155e-05
"1147",0.000104577275995925
"1148",0.00112376241497443
"1149",9.8410922552657e-05
"1150",7.0239647183695e-05
"1151",0.000116989991555418
"1152",2.9733080123306e-05
"1153",3.689170635445e-05
"1154",3.1809918883873e-05
"1155",0.000108429440389796
"1156",3.6680867559233e-05
"1157",3.9929023396037e-05
"1158",4.1997567825946e-05
"1159",4.5575336123978e-05
"1160",2.9853568490769e-05
"1161",3.9028404039023e-05
"1162",2.5306841506057e-05
"1163",0.000184293978488106
"1164",4.9103558296937e-05
"1165",3.5012654651443e-05
"1166",3.149039201887e-05
"1167",9.127628201664e-06
"1168",0.000121026617925172
"1169",3.821824272114e-05
"1170",3.6544773479124e-05
"1171",2.2857353398785e-05
"1172",2.0098081464707e-05
"1173",2.983267528715e-05
"1174",2.664018548109e-05
"1175",1.7800105031127e-05
"1176",2.1421777359669e-05
"1177",1.288572621401e-05
"1178",4.6875229223964e-05
"1179",2.9641404694489e-05
"1180",5.3469626247656e-05
"1181",4.8185907790826e-05
"1182",4.3065315278262e-05
"1183",8.5370742892254e-05
"1184",4.2020717865441e-05
"1185",4.1143875428834e-05
"1186",7.1008400839284e-05
"1187",7.1470316144152e-05
"1188",1.6081411321628e-05
"1189",2.7077041048133e-05
"1190",2.8696312283431e-05
"1191",1.2339805469903e-05
"1192",2.2126040718397e-05
"1193",6.1196997236294e-05
"1194",4.7713702886991e-05
"1195",2.3721391877504e-05
"1196",6.8455201445805e-05
"1197",4.50986577322e-05
"1198",8.873259881411e-05
"1199",6.1446952688293e-05
"1200",0.000523414784198357
"1201",0.000385194123368227
"1202",9.1289847874884e-05
"1203",0.00055440323223579
"1204",0.00010732469963097
"1205",6.0945791310697e-05
"1206",6.7644537686668e-05
"1207",4.9020006903445e-05
"1208",2.0455213016947e-05
"1209",3.2592077213038e-05
"1210",4.0600784345642e-05
"1211",7.2463560574096e-05
"1212",7.3510647721507e-05
"1213",0.000130658352400019
"1214",6.9034832052817e-05
"1215",8.8680888737871e-05
"1216",7.2450936338445e-05
"1217",3.8365610112173e-05
"1218",3.7544258403333e-05
"1219",6.82261346118e-05
"1220",3.4730079529593e-05
"1221",0.000168390080205631
"1222",7.9902850765842e-05
"1223",6.3629021748277e-05
"1224",8.9874318638866e-05
"1225",5.2942224070059e-05
"1226",0.000149484124641403
"1227",6.6199073064916e-05
"1228",5.2994844232035e-05
"1229",3.2537158332985e-05
"1230",3.1985775487061e-05
"1231",5.0239885021785e-05
"1232",8.6571396571568e-05
"1233",5.6188903044122e-05
"1234",3.8697875732648e-05
"1235",6.9465486142576e-05
"1236",6.8344213353573e-05
"1237",3.9699691098414e-05
"1238",8.5258179809036e-05
"1239",3.9930429241279e-05
"1240",4.1369276079187e-05
"1241",6.7432781179081e-05
"1242",4.2917640111398e-05
"1243",3.5101188232657e-05
"1244",2.8504575633778e-05
"1245",3.7377305249547e-05
"1246",7.1967879078356e-05
"1247",5.3949134910538e-05
"1248",5.9294923197345e-05
"1249",2.5530783052832e-05
"1250",0.000140586052901453
"1251",5.4211923530098e-05
"1252",2.453239513857e-05
"1253",0.000879437703380045
"1254",0.000101791444457941
"1255",4.8572967429866e-05
"1256",3.8654690892732e-05
"1257",0.000171837732553809
"1258",5.3712785130616e-05
"1259",2.6089780919119e-05
"1260",5.1042436032457e-05
"1261",5.3490075658974e-05
"1262",4.2078287564128e-05
"1263",7.9713399833119e-05
"1264",3.4564058088438e-05
"1265",2.3839843028794e-05
"1266",3.5628924647429e-05
"1267",2.5571887033906e-05
"1268",2.4775930981141e-05
"1269",0.000109692845428202
"1270",3.6260099201131e-05
"1271",5.6279408916255e-05
"1272",3.3586262427457e-05
"1273",4.8959308088404e-05
"1274",3.1373087408096e-05
"1275",3.4831042697745e-05
"1276",6.3917227651633e-05
"1277",7.2997667919654e-05
"1278",2.8015963431231e-05
"1279",2.7079624442014e-05
"1280",4.5305557787153e-05
"1281",4.073711076088e-05
"1282",0.000103580676873766
"1283",0.000124255244571966
"1284",6.4689112352925e-05
"1285",0.000118672222505563
"1286",7.3193354297229e-05
"1287",3.2076246585374e-05
"1288",2.4230917263038e-05
"1289",0.000110401274847641
"1290",2.9763785447727e-05
"1291",8.43646432379e-06
"1292",4.274016e-10
"1293",1.7674300325705e-05
"1294",1.060110604538e-05
"1295",1.6153517352827e-05
"1296",6.4777360157893e-05
"1297",4.5137507525909e-05
"1298",7.082986241987e-05
"1299",9.617534295991e-05
"1300",4.8692049185357e-05
"1301",6.9737465004014e-05
"1302",7.0022256516171e-05
"1303",4.8188815062239e-05
"1304",5.9730902905981e-05
"1305",3.662727394677e-05
"1306",3.7236743474375e-05
"1307",3.5686111176971e-05
"1308",6.1406124305155e-05
"1309",6.8043045080729e-05
"1310",3.3464186203977e-05
"1311",2.5104842372549e-05
"1312",2.3084056758311e-05
"1313",5.0153497893058e-05
"1314",4.4467857363066e-05
"1315",2.9424067835469e-05
"1316",3.3444667081517e-05
"1317",2.619844874319e-05
"1318",7.1191732730607e-05
"1319",7.2024627860903e-05
"1320",8.7303108992824e-05
"1321",3.6324741352394e-05
"1322",4.8704908475372e-05
"1323",5.110753174555e-05
"1324",5.4785450531318e-05
"1325",2.3377783086289e-05
"1326",2.7227128419046e-05
"1327",4.2632210276728e-05
"1328",5.3003451521557e-05
"1329",4.8331952651177e-05
"1330",1.8413632468774e-05
"1331",3.3282921934979e-05
"1332",2.6206802696808e-05
"1333",2.1547362160978e-05
"1334",2.1692764813687e-05
"1335",5.7949267246287e-05
"1336",5.6165971767633e-05
"1337",4.0403855479374e-05
"1338",2.2497876450057e-05
"1339",3.2612937135629e-05
"1340",4.3302607206278e-05
"1341",4.1334131356285e-05
"1342",1.9468219506115e-05
"1343",1.9768160543119e-05
"1344",7.1377130943688e-05
"1345",2.9158446584829e-05
"1346",3.6456290944614e-05
"1347",3.6460780379616e-05
"1348",0.000111848322344213
"1349",8.992796852209e-05
"1350",3.6308385798144e-05
"1351",2.5272248035181e-05
"1352",4.0294744016452e-05
"1353",2.0887706100716e-05
"1354",2.7829294650448e-05
"1355",4.358875641562e-06
"1356",1.1442551713398e-05
"1357",4.2405545806251e-05
"1358",4.4243549015527e-05
"1359",3.7447105793236e-05
"1360",4.9609430846525e-05
"1361",2.7575531381704e-05
"1362",3.0214835580274e-05
"1363",6.613822892226e-05
"1364",4.3641917289397e-05
"1365",3.7730980974685e-05
"1366",4.92361594186e-05
"1367",3.5233129159155e-05
"1368",3.0529076571345e-05
"1369",3.6988104262371e-05
"1370",1.5545976863305e-05
"1371",2.8110053126118e-05
"1372",3.3146762641086e-05
"1373",6.1589188819517e-05
"1374",2.4906738816529e-05
"1375",3.4813494071593e-05
"1376",2.891634172404e-05
"1377",2.1771626983605e-05
"1378",3.2150674316243e-05
"1379",6.6095821916228e-05
"1380",3.1690033028804e-05
"1381",1.767458332167e-05
"1382",7.3830201989214e-05
"1383",0.000241094223168535
"1384",0.000149679563536413
"1385",0.000168338496153634
"1386",5.292447563237e-05
"1387",3.6635866316343e-05
"1388",3.4331539707289e-05
"1389",4.5452795735905e-05
"1390",2.4513475003294e-05
"1391",4.0418805011648e-05
"1392",3.1786450933892e-05
"1393",6.1830365364428e-05
"1394",5.4125615359244e-05
"1395",3.6417271077018e-05
"1396",3.3496875241588e-05
"1397",0.000155929851923797
"1398",4.3538290504198e-05
"1399",3.2845604963949e-05
"1400",2.7613581004005e-05
"1401",1.6437183093321e-05
"1402",2.3283802204462e-05
"1403",3.190556709614e-05
"1404",1.593294257105e-05
"1405",7.9470256090614e-05
"1406",2.6327365222953e-05
"1407",1.8867852642934e-05
"1408",2.2004333776038e-05
"1409",1.6418738629895e-05
"1410",2.222454724726e-05
"1411",3.1429957920026e-05
"1412",2.7700990033083e-05
"1413",3.5863302767834e-05
"1414",4.3628784598478e-05
"1415",1.378247612048e-05
"1416",5.6933418098501e-05
"1417",2.3594089579221e-05
"1418",3.0915372021223e-05
"1419",0.000398376146226081
"1420",0.000227349203732945
"1421",0.000119490205080118
"1422",4.3362036586622e-05
"1423",3.6322229881737e-05
"1424",6.5087878898998e-05
"1425",2.6813442511382e-05
"1426",3.2264679242402e-05
"1427",5.0053313971511e-05
"1428",5.8551769781801e-05
"1429",4.2161736406929e-05
"1430",6.7824129228193e-05
"1431",3.0757242923179e-05
"1432",2.6865035419648e-05
"1433",2.4157410857081e-05
"1434",2.7696750989986e-05
"1435",0.000452760251016284
"1436",0.000471318710320524
"1437",0.000173522412174357
"1438",0.000293023250769721
"1439",0.000117357566281951
"1440",7.2914146311236e-05
"1441",5.5982004424222e-05
"1442",5.8404924107188e-05
"1443",4.5114097376623e-05
"1444",3.5647980541629e-05
"1445",4.5769316570075e-05
"1446",3.0721099420396e-05
"1447",2.9052894556305e-05
"1448",3.433336659858e-05
"1449",2.9469525636115e-05
"1450",3.813431009517e-05
"1451",2.2312669435322e-05
"1452",2.99326550721e-05
"1453",2.287537725392e-05
"1454",1.9767942997448e-05
"1455",2.0656546160681e-05
"1456",2.069870508844e-05
"1457",5.1085415768419e-05
"1458",4.0845082990454e-05
"1459",1.9769732047771e-05
"1460",2.3707172136476e-05
"1461",3.7985627781194e-05
"1462",2.4872963142879e-05
"1463",3.35481572779e-05
"1464",1.6466824537776e-05
"1465",7.3930278557513e-05
"1466",1.0556339018451e-05
"1467",1.5591516063996e-05
"1468",1.1235408976106e-05
"1469",1.4286508776608e-05
"1470",3.954648253638e-05
"1471",6.844757613322e-06
"1472",1.1408724568196e-05
"1473",1.8014340678902e-05
"1474",3.5026679558101e-05
"1475",2.6105458424647e-05
"1476",8.123383168242e-05
"1477",2.6867030320759e-05
"1478",2.2997033904888e-05
"1479",1.8379262457321e-05
"1480",1.3500900578558e-05
"1481",1.2216616928044e-05
"1482",8.841273603849e-06
"1483",3.2314328143258e-05
"1484",1.9571902907428e-05
"1485",1.2628804691189e-05
"1486",0.000139723859967744
"1487",1.7360722268081e-05
"1488",1.6224066673022e-05
"1489",4.6265035865776e-05
"1490",2.0153006373722e-05
"1491",2.2966438637684e-05
"1492",3.0670108428614e-05
"1493",3.2307606488412e-05
"1494",8.5660837165345e-05
"1495",4.1570348116233e-05
"1496",3.1345203177187e-05
"1497",2.7188478163542e-05
"1498",5.0293959479284e-05
"1499",4.0466973158605e-05
"1500",5.4426412385346e-05
"1501",4.2432926277529e-05
"1502",3.7711585159327e-05
"1503",3.0255646780039e-05
"1504",4.8627928129346e-05
"1505",2.1947674429734e-05
"1506",1.3217796917334e-05
"1507",2.0367852984155e-05
"1508",1.3814584395281e-05
"1509",2.9476065363238e-05
"1510",3.690382948121e-05
"1511",2.2171774041692e-05
"1512",3.4276002887078e-05
"1513",2.562776728104e-05
"1514",2.4708641308095e-05
"1515",7.1110838606336e-05
"1516",3.4761001861145e-05
"1517",0.000646989941514306
"1518",0.000177521033515473
"1519",0.00011281084125853
"1520",8.3258095495654e-05
"1521",9.0915283767106e-05
"1522",5.302572480758e-05
"1523",5.8446332395186e-05
"1524",6.9783645929197e-05
"1525",0.000111199371181683
"1526",7.0036193766716e-05
"1527",4.5974725732082e-05
"1528",8.7498597982797e-05
"1529",0.000232971295601672
"1530",4.2776160343841e-05
"1531",8.1760774691853e-05
"1532",3.4954647912405e-05
"1533",3.2250206239858e-05
"1534",7.6711430215243e-05
"1535",0.000210699805730883
"1536",0.000153400591271554
"1537",0.00012099715192164
"1538",0.000105620118365473
"1539",0.000521146250092764
"1540",0.000155701599746467
"1541",0.000185461289950455
"1542",0.000138483997874574
"1543",0.000257733502882005
"1544",0.000126993602664818
"1545",4.9530808307029e-05
"1546",6.2039730526619e-05
"1547",0.000101540751270489
"1548",3.1186148506697e-05
"1549",2.4871257799958e-05
"1550",1.3785651086519e-05
"1551",3.566380842796e-06
"1552",8.375999624537e-06
"1553",2.3672158530012e-05
"1554",2.6834966095544e-05
"1555",0.000140528589094323
"1556",3.1913095101701e-05
"1557",0.00017412584850592
"1558",4.6125093254545e-05
"1559",0.000139952416469573
"1560",0.000272371940978298
"1561",0.000678169967072563
"1562",0.000618480343563921
"1563",0.000226492991006042
"1564",0.000203011858804959
"1565",0.000216917438401463
"1566",0.000109651234546551
"1567",6.5281953929072e-05
"1568",9.5675318458585e-05
"1569",5.9926257724918e-05
"1570",0.000552576329642568
"1571",0.000142165782651699
"1572",0.000172497087343947
"1573",0.000104398358795037
"1574",0.000173257444300819
"1575",5.8828340394195e-05
"1576",5.076280304984e-05
"1577",9.3355599072146e-05
"1578",0.000103331480514802
"1579",7.9119192499921e-05
"1580",9.998167811542e-05
"1581",7.2783387703545e-05
"1582",6.9000399745804e-05
"1583",8.3615181546123e-05
"1584",4.1812062537855e-05
"1585",8.6447126983574e-05
"1586",8.8691095475203e-05
"1587",6.7552877884838e-05
"1588",6.3471833448494e-05
"1589",3.122600690689e-06
"1590",8.0620863e-09
"1591",8.0756539e-09
"1592",8.0901504e-09
"1593",8.1066834e-09
"1594",3.9975096639186e-05
"1595",5.2048073673802e-05
"1596",7.271332004096e-05
"1597",8.7501332574338e-05
"1598",0.000131055125759169
"1599",6.4820560762041e-05
"1600",5.5472613260973e-05
"1601",8.7375270209737e-05
"1602",8.9123072720866e-05
"1603",0.000102033832958556
"1604",3.1229922231905e-05
"1605",2.4639614832614e-05
"1606",5.8555522256611e-05
"1607",0.000130045669381405
"1608",5.5637328377604e-05
"1609",4.0025686743562e-05
"1610",7.9342017475926e-05
"1611",5.9472608060438e-05
"1612",3.8449228534438e-05
"1613",2.8211543317386e-05
"1614",4.4566780476767e-05
"1615",6.3034586621109e-05
"1616",4.7014524014119e-05
"1617",3.6231187318561e-05
"1618",4.944405907312e-05
"1619",2.7328802201456e-05
"1620",4.4763889250494e-05
"1621",5.2611110331223e-05
"1622",7.0448162619637e-05
"1623",8.113140488006e-05
"1624",2.4279549185189e-05
"1625",3.1083361034247e-05
"1626",3.4493330836991e-05
"1627",4.1265905527295e-05
"1628",5.4302218582672e-05
"1629",0.000198842919028863
"1630",5.5445355142072e-05
"1631",2.8573486492507e-05
"1632",4.903209155215e-05
"1633",2.4306896358617e-05
"1634",8.7645026687081e-05
"1635",3.644720959883e-05
"1636",8.6621483880752e-05
"1637",2.737769815964e-05
"1638",2.6538192180551e-05
"1639",8.874297714414e-06
"1640",3.7288504701726e-05
"1641",2.1888169848783e-05
"1642",3.7904627020596e-05
"1643",4.5749408482027e-05
"1644",5.2880963187631e-05
"1645",8.4170242446627e-05
"1646",3.2041836143115e-05
"1647",3.8520948732621e-05
"1648",5.122183840253e-05
"1649",2.3465453180959e-05
"1650",2.6568529982743e-05
"1651",5.7152724000129e-05
"1652",0.000122460255436047
"1653",4.5409013029419e-05
"1654",3.8736435169406e-05
"1655",3.1911074688529e-05
"1656",3.4457711255082e-05
"1657",2.4551199402227e-05
"1658",2.3344282616496e-05
"1659",8.194549936901e-06
"1660",2.91480072584e-05
"1661",3.0726916001079e-05
"1662",2.1482948348771e-05
"1663",2.405602719717e-05
"1664",3.0878139642053e-05
"1665",2.4213490438307e-05
"1666",6.1863036934649e-05
"1667",2.6625702753783e-05
"1668",2.3689604859877e-05
"1669",2.5793617702174e-05
"1670",2.0652882165929e-05
"1671",5.2188843477418e-05
"1672",4.6462705167272e-05
"1673",2.6382417621229e-05
"1674",3.9642011930855e-05
"1675",3.2870692172397e-05
"1676",2.1737277221555e-05
"1677",1.4256812536978e-05
"1678",2.0511010978753e-05
"1679",3.0217528901478e-05
"1680",3.8600416072585e-05
"1681",4.238160560203e-05
"1682",2.4886334600191e-05
"1683",2.4263188753274e-05
"1684",3.476125182254e-05
"1685",2.9077764531022e-05
"1686",5.0667086119859e-05
"1687",5.3821769834774e-05
"1688",2.925139242926e-05
"1689",2.0487633705201e-05
"1690",2.825552335141e-05
"1691",3.8936015224063e-05
"1692",2.1206226558983e-05
"1693",4.3550259888297e-05
"1694",2.8367333083815e-05
"1695",2.6484661338697e-05
"1696",2.7455952965737e-05
"1697",2.2301413274078e-05
"1698",1.8596722225235e-05
"1699",3.855893098142e-05
"1700",2.2379395918554e-05
"1701",2.9160715296709e-05
"1702",2.6455007078604e-05
"1703",1.4011005031763e-05
"1704",2.73482874673e-05
"1705",2.799223684262e-05
"1706",2.3853495377097e-05
"1707",2.1059948139622e-05
"1708",1.712394233913e-05
"1709",8.72106208108e-06
"1710",7.746879824576e-06
"1711",1.9555144060138e-05
"1712",1.4245092103167e-05
"1713",1.8177850025465e-05
"1714",1.8626065632036e-05
"1715",1.6605880126202e-05
"1716",1.3631763013818e-05
"1717",1.3435801632675e-05
"1718",1.2976435908001e-05
"1719",2.1492118229396e-05
"1720",6.725750949482e-06
"1721",1.3803727471998e-05
"1722",8.193709032314e-06
"1723",2.6818889712596e-05
"1724",2.2000620502185e-05
"1725",2.0918911563404e-05
"1726",2.7185099286746e-05
"1727",2.1962078376678e-05
"1728",3.4844923563654e-05
"1729",1.7182898673563e-05
"1730",2.5970612359405e-05
"1731",1.5429664931679e-05
"1732",2.5574049299856e-05
"1733",1.6940858175865e-05
"1734",3.7244976436037e-05
"1735",6.8493118281129e-05
"1736",4.0618076497395e-05
"1737",6.046612960819e-05
"1738",2.9430417733413e-05
"1739",5.4081771168624e-05
"1740",3.8773489334375e-05
"1741",6.0490359905743e-05
"1742",3.2482546291271e-05
"1743",2.4894719337205e-05
"1744",5.4507272045493e-05
"1745",4.308093116436e-05
"1746",7.3691981323165e-05
"1747",3.7099040264117e-05
"1748",3.1880693648658e-05
"1749",3.5907961483153e-05
"1750",3.3208263253508e-05
"1751",1.7997751264069e-05
"1752",2.1260961236534e-05
"1753",4.6173095628015e-05
"1754",0.000872899055838535
"1755",8.7473993727681e-05
"1756",6.2200559134096e-05
"1757",7.2187375031289e-05
"1758",5.4007933769078e-05
"1759",3.4479583064413e-05
"1760",3.69644803085e-05
"1761",3.1724322388894e-05
"1762",3.9094224212563e-05
"1763",3.3366101126402e-05
"1764",5.2936489075236e-05
"1765",6.9983356521882e-05
"1766",0.000164361738589379
"1767",0.00015614627804047
"1768",0.000114717342820223
"1769",5.1206280171254e-05
"1770",4.2620797975605e-05
"1771",5.5226753566905e-05
"1772",4.8049237572365e-05
"1773",9.5646061188836e-05
"1774",0.000118140789559371
"1775",4.6165313389379e-05
"1776",7.0474990821404e-05
"1777",6.2834483903367e-05
"1778",5.8958950130373e-05
"1779",3.7711784026766e-05
"1780",7.7637229926146e-05
"1781",3.0793219590161e-05
"1782",4.5947142207428e-05
"1783",5.694281014848e-05
"1784",5.4663260766076e-05
"1785",7.9015097126711e-05
"1786",5.8538453059325e-05
"1787",8.0728482022171e-05
"1788",3.8886197494265e-05
"1789",6.8789022058598e-05
"1790",6.9642142197565e-05
"1791",4.1210839828157e-05
"1792",0.000146222421749862
"1793",4.5989154641686e-05
"1794",7.1969687771884e-05
"1795",8.4616579831036e-05
"1796",3.6859888601735e-05
"1797",3.1709031417505e-05
"1798",5.4086431867851e-05
"1799",3.2034169513789e-05
"1800",3.669638665175e-05
"1801",5.4648517046314e-05
"1802",0.000116187279850686
"1803",3.1702617056192e-05
"1804",3.6564782287915e-05
"1805",2.64584402337e-05
"1806",2.6193199534686e-05
"1807",1.9889022480486e-05
"1808",1.6110568476605e-05
"1809",9.5063182289e-07
"1810",8.78986675393e-06
"1811",1.7191832273267e-05
"1812",6.1952824726654e-05
"1813",3.3722624110332e-05
"1814",5.3184080014499e-05
"1815",2.837625010745e-05
"1816",3.8351600188333e-05
"1817",1.8017584319117e-05
"1818",4.4979243427017e-05
"1819",4.8321732487405e-05
"1820",3.3498212149858e-05
"1821",4.149682644367e-05
"1822",4.6788922753769e-05
"1823",0.00010500325904285
"1824",7.0710514926676e-05
"1825",7.0379691512599e-05
"1826",3.9781662768719e-05
"1827",6.0500941829946e-05
"1828",4.0329205872824e-05
"1829",4.9200189870461e-05
"1830",7.7013206372437e-05
"1831",3.3855356967279e-05
"1832",5.5373717865699e-05
"1833",5.3005284457477e-05
"1834",3.4706585054373e-05
"1835",3.203237444271e-05
"1836",6.3885780527153e-05
"1837",4.9047327337829e-05
"1838",6.2974576429757e-05
"1839",3.102518759857e-05
"1840",5.7241795661086e-05
"1841",3.3509551048354e-05
"1842",2.3701422087973e-05
"1843",2.1274542166299e-05
"1844",4.7273846480465e-05
"1845",2.7762851244703e-05
"1846",2.9612860212373e-05
"1847",1.6222228756803e-05
"1848",4.94732558362e-05
"1849",4.7639087778442e-05
"1850",3.2225781350722e-05
"1851",9.860710445674e-06
"1852",1.3019050019455e-05
"1853",2.4592281861746e-05
"1854",2.7006964856026e-05
"1855",1.9808800755783e-05
"1856",1.8477364981681e-05
"1857",1.9296214805763e-05
"1858",2.595147413686e-05
"1859",3.1747806185534e-05
"1860",2.9589190015141e-05
"1861",1.3417008758506e-05
"1862",2.8859412108304e-05
"1863",3.5985127858477e-05
"1864",2.6506874009072e-05
"1865",3.6136779842748e-05
"1866",4.2278853234993e-05
"1867",3.3619483823969e-05
"1868",2.7711934487853e-05
"1869",3.354908197504e-05
"1870",0.000231749539256067
"1871",5.2670105308659e-05
"1872",4.4970727273589e-05
"1873",2.6880622539425e-05
"1874",3.6006599373171e-05
"1875",5.3523637239392e-05
"1876",2.5841042202808e-05
"1877",2.8468365243386e-05
"1878",3.1074104728164e-05
"1879",4.3980477741111e-05
"1880",5.6372123688746e-05
"1881",3.7565605741599e-05
"1882",5.1001267730263e-05
"1883",9.70888519715e-05
"1884",0.00016706310701513
"1885",9.6096266515079e-05
"1886",3.0872168049756e-05
"1887",4.0314801994295e-05
"1888",0.000100905566908581
"1889",0.000102649221724778
"1890",3.9648905151362e-05
"1891",4.38213379916e-05
"1892",5.6910647749501e-05
"1893",3.0035560339342e-05
"1894",0.000224426071128454
"1895",4.4183185212757e-05
"1896",5.1343263902389e-05
"1897",5.8005977440776e-05
"1898",7.7550679827698e-05
"1899",0.000170335756231782
"1900",0.000199264020186768
"1901",0.000126431839644635
"1902",6.1818404344639e-05
"1903",0.000131366758784267
"1904",0.000375580401922785
"1905",0.000160383974593486
"1906",9.8067145924961e-05
"1907",9.4114505944935e-05
"1908",0.000294907773235588
"1909",0.000295940979596215
"1910",9.6628614907302e-05
"1911",6.1646462205932e-05
"1912",0.000143016997094634
"1913",0.000406699027420443
"1914",0.00301862046689624
"1915",0.00106198614172176
"1916",0.000338443524985679
"1917",0.000300725509696009
"1918",0.000344967373618364
"1919",0.000214908671561934
"1920",0.000149275513732842
"1921",0.000301771543513745
"1922",0.000252909579212804
"1923",7.2486559369148e-05
"1924",0.00011258323785226
"1925",0.000489101135850324
"1926",0.000104338632267525
"1927",8.9976548131764e-05
"1928",9.7898111119048e-05
"1929",0.000240229482028973
"1930",0.000245620440533754
"1931",7.8688697345215e-05
"1932",0.000128502934631301
"1933",0.00010850203880977
"1934",4.0944541501108e-05
"1935",5.5073054260281e-05
"1936",0.000114429857637921
"1937",0.00063582208380646
"1938",0.00015942494257831
"1939",0.000109357388739227
"1940",0.00013022114103703
"1941",7.4953868794647e-05
"1942",8.3340464320475e-05
"1943",0.000134364864685825
"1944",6.7971357362356e-05
"1945",7.8645557121363e-05
"1946",4.1070447989837e-05
"1947",0.00056362821473702
"1948",0.000314383698282073
"1949",0.000370267904765235
"1950",0.000263808197345634
"1951",0.000164590033476337
"1952",8.6911375632252e-05
"1953",6.522426435652e-05
"1954",0.000126685971810972
"1955",6.3178929318813e-05
"1956",7.997431589834e-05
"1957",5.5622894251277e-05
"1958",0.000797514626616114
"1959",0.000154901761801271
"1960",0.000142123734006899
"1961",5.0957272070792e-05
"1962",6.0657776754831e-05
"1963",8.9457718465244e-05
"1964",0.000236886889219732
"1965",0.000235563963183926
"1966",5.6873483509891e-05
"1967",0.000521414911616172
"1968",0.000732576820399369
"1969",0.000152491038960877
"1970",0.000687562121108375
"1971",0.0115525512255305
"1972",0.0079941567090523
"1973",0.00341805015543634
"1974",0.00423605599197701
"1975",0.00230049070172985
"1976",0.00250026718276163
"1977",0.000626531348298856
"1978",0.000773943270996966
"1979",0.000319942016696888
"1980",0.000417048926130901
"1981",0.000169648670663354
"1982",0.000652744529689977
"1983",0.000399254985363947
"1984",0.000397404614363138
"1985",0.000936783215345925
"1986",0.000790585244257103
"1987",0.00106974614321256
"1988",0.000258642207926895
"1989",0.000227095803733787
"1990",0.000149833117214505
"1991",0.000300134527823701
"1992",0.000105780042095022
"1993",7.6174137434669e-05
"1994",0.000132644385716401
"1995",0.0031595646078332
"1996",0.000414784421870921
"1997",0.000283810804576145
"1998",0.000242558559790268
"1999",0.000232654171363634
"2000",0.00116135122406149
"2001",0.000131601103159341
"2002",0.000354156906119585
"2003",0.000240317358244231
"2004",0.000174273135386212
"2005",0.00024161623482828
"2006",0.000215415954649604
"2007",0.000111338458063764
"2008",0.000137510317340672
"2009",0.000348971115480688
"2010",0.000353297841136104
"2011",0.000103472070066986
"2012",9.4061789978258e-05
"2013",7.1148860459815e-05
"2014",0.000119169374146209
"2015",0.000382789110061195
"2016",0.000529764110571821
"2017",0.000163144620831436
"2018",0.000148910068235104
"2019",0.000270990115639003
"2020",0.000344875793175309
"2021",0.000159758724159485
"2022",6.199320271592e-05
"2023",0.000371008162057615
"2024",0.000184206642078086
"2025",0.000166189755751625
"2026",8.9224434909839e-05
"2027",0.000117304453188038
"2028",0.000145994212459103
"2029",0.000208320532024013
"2030",0.000211226342097498
"2031",0.000114267670681043
"2032",0.000173464651684595
"2033",0.000154068815390745
"2034",0.00018853047265618
"2035",0.000155295184414865
"2036",0.000208466412961485
"2037",7.2977578880915e-05
"2038",0.000113326981093572
"2039",7.1641580385076e-05
"2040",0.00021784413000348
"2041",0.000143252650780068
"2042",9.127564460233e-05
"2043",0.00015072382437233
"2044",7.4745476839248e-05
"2045",9.730482668786e-05
"2046",5.9197748123366e-05
"2047",8.302343517791e-05
"2048",0.000122053888221666
"2049",6.1792945459564e-05
"2050",0.000108985245595657
"2051",0.000125845088011739
"2052",0.000249335725299342
"2053",0.000356281686946136
"2054",0.000271980214974011
"2055",0.000162689430370183
"2056",0.000104323067814969
"2057",7.1106697097441e-05
"2058",0.000221314935693382
"2059",0.000116486421789341
"2060",0.000142942576010087
"2061",0.000106049262578653
"2062",2.6679271772321e-05
"2063",5.6601981866993e-05
"2064",0.000133984511469527
"2065",0.000124123876592648
"2066",9.7122123172101e-05
"2067",4.2635648321506e-05
"2068",2.6051337297433e-05
"2069",3.4041587950438e-05
"2070",4.072773420449e-05
"2071",2.950565719105e-05
"2072",0.000335612579638608
"2073",0.00029477372461952
"2074",0.000204218018511364
"2075",8.1858750365467e-05
"2076",0.000195520593717043
"2077",0.000189214175908517
"2078",0.000126104661589085
"2079",9.9432437775965e-05
"2080",0.000130756059413252
"2081",7.0575477512041e-05
"2082",0.000111300682012364
"2083",4.2846029662383e-05
"2084",4.0512788548178e-05
"2085",1.9088484193015e-05
"2086",2.5317651950672e-05
"2087",3.8622811845202e-05
"2088",4.9514405987964e-05
"2089",3.2867659501908e-05
"2090",4.6434948035122e-05
"2091",6.3428327202327e-05
"2092",8.4982994803879e-05
"2093",9.3758518417087e-05
"2094",5.3661352559911e-05
"2095",3.2670339221668e-05
"2096",3.4459316253867e-05
"2097",2.7217356579388e-05
"2098",0.00010312266366385
"2099",2.9524384014844e-05
"2100",2.5108253814968e-05
"2101",2.5914504504391e-05
"2102",3.756547674453e-05
"2103",7.9563918199e-05
"2104",4.8497076834689e-05
"2105",3.5767644966289e-05
"2106",1.7444294976879e-05
"2107",3.9510660341264e-05
"2108",3.0288028388914e-05
"2109",1.5298524281851e-05
"2110",2.2883561664761e-05
"2111",1.776584437719e-05
"2112",3.5933402814186e-05
"2113",1.8088855540101e-05
"2114",6.518689871583e-05
"2115",4.80559837109e-05
"2116",2.4396602138371e-05
"2117",5.2415193039316e-05
"2118",6.2179674063496e-05
"2119",4.3976275016815e-05
"2120",2.0285202867981e-05
"2121",1.4228473175094e-05
"2122",1.2665123040306e-05
"2123",4.771372920003e-06
"2124",1.0481748760593e-05
"2125",1.1080734349889e-05
"2126",8.535278617667e-06
"2127",5.2818033591828e-05
"2128",1.6529860299896e-05
"2129",0.000772853750546656
"2130",0.00138828376443814
"2131",0.000835626389758416
"2132",0.000636813085772639
"2133",0.000608454171044556
"2134",0.000173460178358379
"2135",0.000765510905930476
"2136",0.000404478873079382
"2137",0.000159875692827892
"2138",9.2389705362616e-05
"2139",0.000162411982251198
"2140",0.000166262500408088
"2141",7.7589608456279e-05
"2142",3.3078381131741e-05
"2143",6.6894399586548e-05
"2144",0.000129657771333322
"2145",4.8807513006456e-05
"2146",8.5749331892188e-05
"2147",8.8239893051099e-05
"2148",0.000103530338710073
"2149",2.5946597167858e-05
"2150",2.7784623095706e-05
"2151",4.3824343507717e-05
"2152",3.998103531864e-05
"2153",0.000130342793000068
"2154",5.3371418567742e-05
"2155",2.535005514728e-05
"2156",3.0343373685272e-05
"2157",4.4416305369258e-05
"2158",1.6506504925168e-05
"2159",1.3411067695262e-05
"2160",0.000319936987574797
"2161",0.000111345738334741
"2162",4.9811945075232e-05
"2163",0.000165712641445124
"2164",0.00041292332541369
"2165",0.000261589376008178
"2166",0.000156368910015703
"2167",7.5207098715145e-05
"2168",8.0717413200925e-05
"2169",2.4657539350621e-05
"2170",5.9714710392404e-05
"2171",5.6708875680403e-05
"2172",4.3773775094444e-05
"2173",3.5015611750055e-05
"2174",3.2561667803336e-05
"2175",3.7699187735521e-05
"2176",4.7668863430452e-05
"2177",3.8820528103203e-05
"2178",0.000146570390846609
"2179",9.7859421227113e-05
"2180",8.4982939304597e-05
"2181",9.4019095388947e-05
"2182",0.000191059436848628
"2183",0.000101848016009564
"2184",0.000118388398569857
"2185",8.0490720004539e-05
"2186",5.637690933947e-05
"2187",6.6597271753385e-05
"2188",6.8303874529566e-05
"2189",0.000107838152650254
"2190",5.2126442128657e-05
"2191",6.2333752860103e-05
"2192",0.000106976452329687
"2193",0.000136121830884878
"2194",7.5875802065521e-05
"2195",0.000151880167750162
"2196",9.2552246129654e-05
"2197",4.4546955007329e-05
"2198",4.28035438686e-05
"2199",3.0324216146121e-05
"2200",0.000154277302873666
"2201",4.2556244708304e-05
"2202",4.5560561059063e-05
"2203",3.3948490075444e-05
"2204",3.9779512544488e-05
"2205",0.000426276822859848
"2206",4.8922270570456e-05
"2207",7.4750417130976e-05
"2208",5.3347038980607e-05
"2209",0.000164223700257659
"2210",1.9942523252553e-05
"2211",2.3650283278507e-05
"2212",2.8733869570708e-05
"2213",8.4104090497465e-05
"2214",5.5516403069475e-05
"2215",3.8138387625181e-05
"2216",2.4488322614239e-05
"2217",2.3202368073909e-05
"2218",0.000116962306146371
"2219",7.9557351023428e-05
"2220",4.1442916499025e-05
"2221",4.2742318516643e-05
"2222",0.000154221873251696
"2223",0.00017416015692884
"2224",7.1699236078019e-05
"2225",0.000149769368530999
"2226",4.7930793181755e-05
"2227",6.9646273048032e-05
"2228",6.3257615298822e-05
"2229",4.1361142597978e-05
"2230",7.1976591200612e-05
"2231",0.000130404633789352
"2232",0.000102422313175974
"2233",5.6998629227352e-05
"2234",3.1439904066216e-05
"2235",7.0107850832918e-05
"2236",9.959160615801e-05
"2237",5.5701936117649e-05
"2238",7.0389073881791e-05
"2239",4.0612432933242e-05
"2240",0.00014547118673345
"2241",5.3230149499805e-05
"2242",2.1900722765741e-05
"2243",2.714020063495e-05
"2244",1.3745074757009e-05
"2245",3.3204366792404e-05
"2246",5.1057964665149e-05
"2247",6.4859348718022e-05
"2248",3.3895152223116e-05
"2249",3.9876580660701e-05
"2250",5.0572169712447e-05
"2251",2.0650395804904e-05
"2252",1.9944387940819e-05
"2253",0.000139976268066924
"2254",3.4039194559306e-05
"2255",9.0355737607132e-05
"2256",5.4149711596665e-05
"2257",4.3731241839393e-05
"2258",2.4928451097045e-05
"2259",4.30496101202133e-05
"2260",2.0858702127643e-05
"2261",2.7953022542415e-05
"2262",2.7795136538146e-05
"2263",5.9180607050123e-05
"2264",4.2838569010531e-05
"2265",3.7067350672842e-05
"2266",3.875810208732e-05
"2267",3.4446842556413e-05
"2268",5.8780482836857e-05
"2269",2.3295708625908e-05
"2270",0.000115649651312676
"2271",0.000144575453615673
"2272",4.0796105628249e-05
"2273",7.7850955298352e-05
"2274",3.5765440199788e-05
"2275",3.3513193231741e-05
"2276",9.8581640172382e-05
"2277",7.7111883952059e-05
"2278",0.000236287960931932
"2279",4.9870412339225e-05
"2280",3.6049384003756e-05
"2281",6.011516017871e-05
"2282",5.2236132617423e-05
"2283",4.7230308072904e-05
"2284",1.4047722920025e-05
"2285",2.03175635697e-05
"2286",2.8707552439079e-05
"2287",8.277818371831e-05
"2288",3.2101983919786e-05
"2289",1.8204816842825e-05
"2290",3.0775969424396e-05
"2291",2.4669775057442e-05
"2292",1.7604513240828e-05
"2293",1.6696278411545e-05
"2294",1.1515669013352e-05
"2295",1.9793364219413e-05
"2296",1.7129672182809e-05
"2297",2.8200737036573e-05
"2298",2.027033423454e-05
"2299",1.082918867528e-05
"2300",2.006859219497e-05
"2301",1.8599457261776e-05
"2302",2.1507780999916e-05
"2303",1.754574997688e-05
"2304",1.1270636332103e-05
"2305",3.1397108704891e-05
"2306",1.9993402921274e-05
"2307",1.6192333006543e-05
"2308",5.853801149818e-06
"2309",6.987102018329e-06
"2310",1.5307915319865e-05
"2311",2.1782328852756e-05
"2312",1.0520767868781e-05
"2313",1.1609714222278e-05
"2314",1.4240336481361e-05
"2315",1.7024650785588e-05
"2316",1.0884091404563e-05
"2317",1.6644017942333e-05
"2318",2.0964170374439e-05
"2319",2.5538224727172e-05
"2320",2.283593035622e-05
"2321",1.6560133336729e-05
"2322",2.1772232191285e-05
"2323",2.0651726525388e-05
"2324",1.8439011816876e-05
"2325",5.497734497172e-06
"2326",4.736925681332e-06
"2327",2.1852422165e-06
"2328",1.846392970022e-06
"2329",5.908408661587e-06
"2330",3.111479569139e-06
"2331",6.464088007424e-06
"2332",4.34551549877e-06
"2333",3.715662682302e-06
"2334",1.1131624165328e-05
"2335",3.8822809852759e-05
"2336",3.2176242084391e-05
"2337",2.2408534012899e-05
"2338",1.4348514386618e-05
"2339",1.3524281044794e-05
"2340",1.2075747187463e-05
"2341",3.3044743553554e-05
"2342",2.4732223357167e-05
"2343",1.7107566103958e-05
"2344",1.2134864409535e-05
"2345",1.191801574285e-05
"2346",1.6760712887556e-05
"2347",1.3992426473687e-05
"2348",1.3071411532691e-05
"2349",1.2030002087521e-05
"2350",9.155581860201e-06
"2351",1.0078751031626e-05
"2352",8.863251819538e-06
"2353",1.410023827307e-06
"2354",1.224319798163e-05
"2355",6.13730155827e-06
"2356",1.595826917497e-06
"2357",5.0905787118232e-05
"2358",6.0219163998413e-05
"2359",2.1253524356185e-05
"2360",2.7903445475442e-05
"2361",1.4467784503328e-05
"2362",1.4764305644152e-05
"2363",7.593165499839e-06
"2364",8.90910437818e-06
"2365",1.7964782024204e-05
"2366",1.1879524226942e-05
"2367",1.8846955239712e-05
"2368",2.791987652445e-05
"2369",9.098640139541e-05
"2370",1.6725200463438e-05
"2371",2.2309315823972e-05
"2372",9.8915413156225e-05
"2373",8.4460235938659e-05
"2374",0.000309432660212909
"2375",0.000109220246386646
"2376",6.3632051158233e-05
"2377",5.3769184208229e-05
"2378",0.000204838488848288
"2379",7.9420008150809e-05
"2380",4.0833484113291e-05
"2381",0.000125182462256666
"2382",8.1555849452971e-05
"2383",4.2098203163696e-05
"2384",8.9913413330948e-05
"2385",6.3333903150659e-05
"2386",5.4754272206739e-05
"2387",6.9148477098639e-05
"2388",7.4586868423697e-05
"2389",0.000148569168511427
"2390",0.000103830500900558
"2391",0.00010545375838104
"2392",9.5434465625872e-05
"2393",0.000138240941049076
"2394",7.2449776903843e-05
"2395",2.6826339919978e-05
"2396",0.000206276654273635
"2397",0.000128931979887535
"2398",8.3400416681778e-05
"2399",0.000130330127481489
"2400",3.2824831060049e-05
"2401",0.000141642257953606
"2402",2.7843285869609e-05
"2403",5.9982799615805e-05
"2404",3.5514500864999e-05
"2405",5.9233531046201e-05
"2406",3.4996946405044e-05
"2407",0.000133095230487696
"2408",7.9911624333847e-05
"2409",3.2962968956885e-05
"2410",3.1199698713135e-05
"2411",6.5013359543799e-05
"2412",4.8559671878366e-05
"2413",2.0260591978858e-05
"2414",1.1135601512257e-05
"2415",2.169503097394e-05
"2416",1.7854132037312e-05
"2417",2.153396972076e-05
"2418",4.1454572890464e-05
"2419",5.1686713572196e-05
"2420",6.9601767705589e-05
"2421",0.000529278606134421
"2422",0.000250130582283391
"2423",0.000104028725593092
"2424",5.5073114635464e-05
"2425",9.089125891936e-06
"2426",2.5191965642784e-05
"2427",3.1796943791035e-05
"2428",9.7106922075681e-05
"2429",0.000169462181564191
"2430",2.3220793703483e-05
"2431",1.5086110848744e-05
"2432",1.483454578262e-05
"2433",6.300233237091e-06
"2434",7.6412615182845e-05
"2435",1.9771320674307e-05
"2436",9.585956443816e-06
"2437",2.5916258966538e-05
"2438",1.5796968679858e-05
"2439",6.6574662323897e-05
"2440",5.3854482749866e-05
"2441",4.0178897111804e-05
"2442",2.207272069273e-05
"2443",6.505154515435e-06
"2444",1.3611299439256e-05
"2445",1.9623334491216e-05
"2446",1.8699375005517e-05
"2447",2.7337912269314e-05
"2448",1.0568149539061e-05
"2449",2.6693855866838e-05
"2450",1.1367478990231e-05
"2451",2.252088171303e-06
"2452",1.2025151768297e-05
"2453",1.0015893731259e-05
"2454",3.631122613942e-06
"2455",7.141708415423e-06
"2456",8.234566088424e-06
"2457",8.75709448796e-07
"2458",3.271795530779e-06
"2459",1.597251458091e-06
"2460",2.467952844738e-06
"2461",7.133800774116e-06
"2462",2.261767942555e-06
"2463",9.259721614643e-06
"2464",5.363193447624e-06
"2465",6.47831512696e-06
"2466",3.189040796881e-06
"2467",4.43554731354e-07
"2468",3.126153367798e-06
"2469",1.178262320057e-06
"2470",3.055610762026e-06
"2471",1.06435669842e-06
"2472",4.530776969983e-06
"2473",1.870894792701e-06
"2474",7.5111059753e-06
"2475",1.2113047431845e-05
"2476",5.400436082813e-06
"2477",2.206792236111e-06
"2478",3.7658275878167e-05
"2479",0.00022294802597045
"2480",8.0291762525576e-05
"2481",4.9143518638987e-05
"2482",2.2230804785006e-05
"2483",1.8684858820024e-05
"2484",7.8877167546234e-05
"2485",6.5558886658621e-05
"2486",0.000277287183882853
"2487",0.000398745281770019
"2488",0.000157748201655074
"2489",0.000134210881962833
"2490",0.000201354945993148
"2491",5.8425508369107e-05
"2492",2.367198368722e-05
"2493",8.82573871434e-06
"2494",2.0433761443176e-05
"2495",0.000141817160609977
"2496",6.6654484978315e-05
"2497",0.000238000509648577
"2498",1.3734009680025e-05
"2499",1.3479916854157e-05
"2500",4.2427535581086e-05
"2501",7.837831342597e-05
"2502",4.3250754165061e-05
"2503",4.7207768999641e-05
"2504",2.1629192788601e-05
"2505",8.417938829814e-06
"2506",1.8082543420459e-05
"2507",3.1063489046766e-05
"2508",3.297504136021e-06
"2509",7.470558557848e-06
"2510",1.2526198822318e-05
"2511",4.2083114593313e-05
"2512",5.908558776845e-06
"2513",1.1954418462788e-05
"2514",8.743490509305e-06
"2515",2.172594964097e-05
"2516",1.8991877050999e-05
"2517",1.0646512642442e-05
"2518",1.2331987965763e-05
"2519",3.5896858142399e-05
"2520",1.9048469172795e-05
"2521",0.000184298793814745
"2522",0.000115358562766962
"2523",8.3630106766169e-05
"2524",0.000121774413225008
"2525",0.000104717465489596
"2526",0.000118872063222222
"2527",4.3263437931315e-05
"2528",3.9687181446631e-05
"2529",3.1813105347369e-05
"2530",5.6738525020781e-05
"2531",2.9644042066444e-05
"2532",8.2524072195164e-05
"2533",4.1004802780336e-05
"2534",2.3015671404794e-05
"2535",1.6794605889082e-05
"2536",1.2487783721701e-05
"2537",3.5575344533412e-05
"2538",3.5465042219181e-05
"2539",2.4508553078108e-05
"2540",4.3392053453483e-05
"2541",0.000249580294339774
"2542",2.5928542901106e-05
"2543",4.2613497945021e-05
"2544",4.951421691327e-05
"2545",8.9563539543886e-05
"2546",4.0738877783456e-05
"2547",9.667763707693e-05
"2548",4.7942408666076e-05
"2549",7.1721835170058e-05
"2550",0.000105530540188647
"2551",5.3521834435123e-05
"2552",9.6881719748482e-05
"2553",0.00148222593928804
"2554",0.000394844635365528
"2555",0.000580722215854726
"2556",0.000211357061697925
"2557",0.000187766161051031
"2558",0.000100431521499426
"2559",0.000127282394501056
"2560",0.000111847710650626
"2561",0.000934925621220867
"2562",9.3198550049666e-05
"2563",0.000287378501179096
"2564",0.000392805839726579
"2565",5.7165806423254e-05
"2566",6.2892653828512e-05
"2567",0.000133017469805292
"2568",2.213632641221e-06
"2569",0.000121397962669972
"2570",4.5540084363915e-05
"2571",8.899723000108e-05
"2572",4.3378282531317e-05
"2573",3.5487968541882e-05
"2574",4.5164417996384e-05
"2575",2.2541157207361e-05
"2576",4.7560484400739e-05
"2577",0.000134938356940059
"2578",0.000127870507819009
"2579",2.6810910761981e-05
"2580",5.8793048916931e-05
"2581",3.0816240397014e-05
"2582",3.9521498655626e-05
"2583",9.4140388099665e-05
"2584",3.1293067540215e-05
"2585",1.7695669087005e-05
"2586",0.000165140054593052
"2587",3.39864e-09
"2588",6.3408995210079e-05
"2589",8.6771474872348e-05
"2590",5.9816761067785e-05
